{
    "武汉eStarPro": [
        0.3333333333333333,
        6.919433333333333,
        1.0,
        1.6666666666666667,
        6.0,
        22.9735,
        3
    ],
    "重庆狼队": [
        0.4666666666666667,
        6.711166666666666,
        1.8,
        1.0,
        5.266666666666667,
        19.306393333333336,
        15
    ]
}